price,weight,trust_level
34.5,1.6987577462162814e-07,低 (Low)
34.6,7.89605663918661e-07,低 (Low)
34.800000000000004,4.370541521378671e-06,低 (Low)
34.9,5.823236982738168e-06,低 (Low)
35.0,7.008452769583826e-06,低 (Low)
35.1,1.2394060148391252e-05,低 (Low)
35.2,1.3148531461354275e-05,低 (Low)
35.4,1.6260849169890573e-05,低 (Low)
35.5,1.4438027653896898e-05,低 (Low)
35.6,1.886127851174094e-05,低 (Low)
35.7,3.022192642730819e-05,低 (Low)
35.800000000000004,3.828511033914966e-05,低 (Low)
36.0,3.6590364657100916e-05,低 (Low)
36.1,0.004026290704261037,低 (Low)
36.2,2.928319360022519e-05,低 (Low)
36.300000000000004,3.2955415492533776e-05,低 (Low)
36.4,4.1731484557292976e-05,低 (Low)
36.6,3.3741388796448894e-05,低 (Low)
36.7,2.360821284223008e-05,低 (Low)
36.800000000000004,1.2269622015701738e-05,低 (Low)
36.9,6.995666370551091e-06,低 (Low)
37.0,7.940019033872855e-06,低 (Low)
37.2,1.073778707670517e-05,低 (Low)
37.300000000000004,1.3601489963616324e-05,低 (Low)
37.4,6.6328483681899424e-06,低 (Low)
37.5,3.602724724342723e-06,低 (Low)
37.7,5.4009331161787e-06,低 (Low)
37.800000000000004,7.963024674210596e-06,低 (Low)
37.9,1.1559225568670929e-05,低 (Low)
38.0,1.5152005675963793e-05,低 (Low)
38.1,2.0972064242649285e-05,低 (Low)
38.300000000000004,2.5467734974248565e-05,低 (Low)
38.400000000000006,3.0409898753008224e-05,低 (Low)
38.5,3.054619073487408e-05,低 (Low)
38.6,2.235489774910773e-05,低 (Low)
38.7,1.715564414858681e-05,低 (Low)
38.900000000000006,1.7926095848578465e-05,低 (Low)
39.0,1.9438674794665904e-05,低 (Low)
39.1,2.1525904546192778e-05,低 (Low)
39.2,2.339069376206241e-05,低 (Low)
39.300000000000004,1.8555639550855733e-05,低 (Low)
39.5,1.5787524557358535e-05,低 (Low)
39.6,1.9731125882386635e-05,低 (Low)
39.7,2.482943536775133e-05,低 (Low)
39.800000000000004,2.3996160063415425e-05,低 (Low)
39.900000000000006,1.653251590823986e-05,低 (Low)
40.1,1.9239702637961306e-05,低 (Low)
40.2,2.400589667181758e-05,低 (Low)
40.300000000000004,2.7553037729377638e-05,低 (Low)
40.400000000000006,1.8893076301513895e-05,低 (Low)
40.5,1.5600104509625895e-05,低 (Low)
40.7,1.1699694427054511e-05,低 (Low)
40.800000000000004,1.5695695786970487e-05,低 (Low)
40.900000000000006,1.8550713547815293e-05,低 (Low)
41.0,2.066943750766686e-05,低 (Low)
41.2,1.9614278607228466e-05,低 (Low)
41.300000000000004,1.6685794358615697e-05,低 (Low)
41.400000000000006,1.4652803728436665e-05,低 (Low)
41.5,1.9466224524070678e-05,低 (Low)
41.6,3.4602316664792185e-05,低 (Low)
41.800000000000004,5.0956220486570257e-05,低 (Low)
41.900000000000006,5.749325283112798e-05,低 (Low)
42.0,4.47205968446875e-05,低 (Low)
42.1,4.5939565527900925e-05,低 (Low)
42.2,5.5565319599015656e-05,低 (Low)
42.400000000000006,6.193877112143408e-05,低 (Low)
42.5,6.90173606361055e-05,低 (Low)
42.6,6.516067437906197e-05,低 (Low)
42.7,5.2633694689427784e-05,低 (Low)
42.800000000000004,4.149652863428822e-05,低 (Low)
43.0,4.24415685378724e-05,低 (Low)
43.1,4.8316259205881934e-05,低 (Low)
43.2,5.2857556891329125e-05,低 (Low)
43.300000000000004,5.1671822490002044e-05,低 (Low)
43.400000000000006,6.108662411135052e-05,低 (Low)
43.6,6.936957992665232e-05,低 (Low)
43.7,6.0027782900130657e-05,低 (Low)
43.800000000000004,5.203674052295647e-05,低 (Low)
43.900000000000006,5.007298699006076e-05,低 (Low)
44.0,3.4775707665976164e-05,低 (Low)
44.2,3.290563035205062e-05,低 (Low)
44.300000000000004,2.958662893622466e-05,低 (Low)
44.400000000000006,3.313667362325411e-05,低 (Low)
44.5,4.06254068053064e-05,低 (Low)
44.7,3.1212200290603315e-05,低 (Low)
44.800000000000004,2.57942581871438e-05,低 (Low)
44.900000000000006,2.864759342595518e-05,低 (Low)
45.0,3.45504790378226e-05,低 (Low)
45.1,3.168163498993723e-05,低 (Low)
45.300000000000004,2.2411573690114602e-05,低 (Low)
45.400000000000006,1.4565582111342541e-05,低 (Low)
45.5,1.281049303894809e-05,低 (Low)
45.6,1.584305831299547e-05,低 (Low)
45.7,2.465483952951923e-05,低 (Low)
45.900000000000006,3.2019338643267114e-05,低 (Low)
46.0,3.2167245083011406e-05,低 (Low)
46.1,2.1906050409754333e-05,低 (Low)
46.2,2.4468749087956717e-05,低 (Low)
46.300000000000004,2.1340719213945587e-05,低 (Low)
46.5,2.336193630367929e-05,低 (Low)
46.6,2.8801885808786193e-05,低 (Low)
46.7,3.3065895542010085e-05,低 (Low)
46.800000000000004,3.1820232861632805e-05,低 (Low)
46.900000000000006,2.1534301780475644e-05,低 (Low)
47.1,1.7039960638257947e-05,低 (Low)
47.2,1.7781976265924745e-05,低 (Low)
47.300000000000004,1.9951091870275587e-05,低 (Low)
47.400000000000006,1.5102792602143634e-05,低 (Low)
47.5,1.7632923509450434e-05,低 (Low)
47.7,1.8125608594230757e-05,低 (Low)
47.800000000000004,1.998255027154212e-05,低 (Low)
47.900000000000006,2.2571474423438666e-05,低 (Low)
48.0,2.421424140965189e-05,低 (Low)
48.2,2.882063199273771e-05,低 (Low)
48.300000000000004,2.8935406050826348e-05,低 (Low)
48.400000000000006,3.537509569073937e-05,低 (Low)
48.5,4.232077959457108e-05,低 (Low)
48.6,4.750527143296785e-05,低 (Low)
48.800000000000004,3.632064559074512e-05,低 (Low)
48.900000000000006,3.140425871450163e-05,低 (Low)
49.0,2.7822715605337335e-05,低 (Low)
49.1,1.9271029907009173e-05,低 (Low)
49.2,2.2368658491169103e-05,低 (Low)
49.400000000000006,2.037567803850642e-05,低 (Low)
49.5,1.758338716658746e-05,低 (Low)
49.6,1.552799367291719e-05,低 (Low)
49.7,1.7009897085512404e-05,低 (Low)
49.800000000000004,1.8141850236994618e-05,低 (Low)
50.0,1.5959909782212562e-05,低 (Low)
50.1,1.3719864830203602e-05,低 (Low)
50.2,1.4805331137157879e-05,低 (Low)
50.300000000000004,1.439989570811071e-05,低 (Low)
50.400000000000006,1.3175982917478485e-05,低 (Low)
50.6,1.492014586922638e-05,低 (Low)
50.7,1.8104203997458626e-05,低 (Low)
50.800000000000004,1.4829669474772926e-05,低 (Low)
50.900000000000006,3.0045500475362624e-05,低 (Low)
51.0,3.275866827509497e-05,低 (Low)
51.2,1.9508038317566043e-05,低 (Low)
51.300000000000004,1.8087393825773077e-05,低 (Low)
51.400000000000006,1.9606841988024714e-05,低 (Low)
51.5,1.3612358713622875e-05,低 (Low)
51.7,9.680588651292106e-06,低 (Low)
51.800000000000004,1.3888995096076543e-05,低 (Low)
51.900000000000006,1.7026284502828525e-05,低 (Low)
52.0,1.0215129443041858e-05,低 (Low)
52.1,1.0223533374939e-05,低 (Low)
52.300000000000004,6.40065787533853e-06,低 (Low)
52.400000000000006,2.6940658073032775e-06,低 (Low)
52.5,4.01722159720784e-06,低 (Low)
52.6,9.860622718237451e-06,低 (Low)
52.7,1.4135834573266099e-05,低 (Low)
52.900000000000006,1.438572981168324e-05,低 (Low)
53.0,1.2614504035182388e-05,低 (Low)
53.1,1.1477007602268714e-05,低 (Low)
53.2,1.7759234207040914e-05,低 (Low)
53.300000000000004,2.6151881894188702e-05,低 (Low)
53.5,1.6298573467247802e-05,低 (Low)
53.6,3.580543338759634e-06,低 (Low)
53.7,1.1873916455573893e-06,低 (Low)
53.800000000000004,7.172856906529933e-07,低 (Low)
53.900000000000006,1.6245050449121303e-06,低 (Low)
54.1,3.174170830014497e-06,低 (Low)
54.2,4.723836615116848e-06,低 (Low)
54.300000000000004,5.798239459733612e-06,低 (Low)
54.400000000000006,6.251106159739293e-06,低 (Low)
54.5,6.606272607673707e-06,低 (Low)
54.7,8.114817677699576e-06,低 (Low)
54.800000000000004,8.30006828520584e-06,低 (Low)
54.900000000000006,5.431346627413088e-06,低 (Low)
55.0,3.894005397372495e-06,低 (Low)
55.2,3.512843596535688e-06,低 (Low)
55.300000000000004,4.90003272287792e-06,低 (Low)
55.400000000000006,5.8592739161227145e-06,低 (Low)
55.5,5.555306255296768e-06,低 (Low)
55.6,5.251338594470785e-06,低 (Low)
55.800000000000004,5.11894677810179e-06,低 (Low)
55.900000000000006,5.0736526858263675e-06,低 (Low)
56.0,4.746486572271396e-06,低 (Low)
56.1,4.419320458716437e-06,低 (Low)
56.2,4.092154345161452e-06,低 (Low)
56.400000000000006,3.7649882316064575e-06,低 (Low)
56.5,3.4378221180514944e-06,低 (Low)
56.6,4.327521091190988e-06,低 (Low)
56.7,5.4673954638871075e-06,低 (Low)
56.800000000000004,7.406465021992798e-06,低 (Low)
57.0,1.0255069579320268e-05,低 (Low)
57.1,1.1991411265522495e-05,低 (Low)
57.2,1.2977298723048533e-05,低 (Low)
57.300000000000004,1.1375013058161005e-05,低 (Low)
57.400000000000006,9.87096826296966e-06,低 (Low)
57.6,1.4752461888991678e-05,低 (Low)
57.7,1.2021982452995074e-05,低 (Low)
57.800000000000004,1.4500694170692204e-05,低 (Low)
57.900000000000006,1.8163394965806895e-05,低 (Low)
58.0,1.805507337378323e-05,低 (Low)
58.2,1.609822196339515e-05,低 (Low)
58.300000000000004,1.4826149906176151e-05,低 (Low)
58.400000000000006,1.592316705956299e-05,低 (Low)
58.5,1.933360506858011e-05,低 (Low)
58.7,2.0596747621383805e-05,低 (Low)
58.800000000000004,2.03838169859104e-05,低 (Low)
58.900000000000006,1.4980620752670668e-05,低 (Low)
59.0,1.3383398953115852e-05,低 (Low)
59.1,1.4363377925054623e-05,低 (Low)
59.300000000000004,1.2189064488359597e-05,低 (Low)
59.400000000000006,8.959754633698088e-06,低 (Low)
59.5,7.027140684070817e-06,低 (Low)
59.6,6.139491834606797e-06,低 (Low)
59.7,6.316211153956337e-06,低 (Low)
59.900000000000006,7.000568753555187e-06,低 (Low)
60.0,9.787841596733912e-06,低 (Low)
60.1,1.6818658659282667e-05,低 (Low)
60.2,2.4682222856470123e-05,低 (Low)
60.300000000000004,3.0484805120507476e-05,低 (Low)
60.5,2.6920888394408256e-05,低 (Low)
60.6,2.07800083308494e-05,低 (Low)
60.7,1.8471543819288778e-05,低 (Low)
60.800000000000004,2.274699941626883e-05,低 (Low)
60.900000000000006,2.89280632776804e-05,低 (Low)
61.1,4.027292516327707e-05,低 (Low)
61.2,4.284096964565996e-05,低 (Low)
61.300000000000004,4.7822300294096336e-05,低 (Low)
61.400000000000006,4.31199958094639e-05,低 (Low)
61.5,3.769322706085894e-05,低 (Low)
61.7,3.876562880764088e-05,低 (Low)
61.800000000000004,3.9060766092052726e-05,低 (Low)
61.900000000000006,3.8647737037606685e-05,低 (Low)
62.0,2.814457935512022e-05,低 (Low)
62.2,2.4487309387894486e-05,低 (Low)
62.300000000000004,2.484048156990436e-05,低 (Low)
62.400000000000006,1.6109672055693374e-05,低 (Low)
62.5,1.614986223399024e-05,低 (Low)
62.6,2.204504989440966e-05,低 (Low)
62.800000000000004,3.6583095335004124e-05,低 (Low)
62.900000000000006,2.942555348078676e-05,低 (Low)
63.0,2.390415718421759e-05,低 (Low)
63.1,1.9989591884365976e-05,低 (Low)
63.2,2.0988349740971633e-05,低 (Low)
63.400000000000006,2.2535623848204263e-05,低 (Low)
63.5,2.9127819660123274e-05,低 (Low)
63.6,2.9012958181339996e-05,低 (Low)
63.7,2.5300579395243885e-05,低 (Low)
63.800000000000004,2.18549193078262e-05,低 (Low)
64.0,1.7490945645343817e-05,低 (Low)
64.10000000000001,1.252791497316727e-05,低 (Low)
64.2,8.822380870560977e-06,低 (Low)
64.3,1.0784547529555797e-05,低 (Low)
64.4,1.030084289874395e-05,低 (Low)
64.60000000000001,8.989271531908716e-06,低 (Low)
64.7,8.373394763564351e-06,低 (Low)
64.8,7.771920432822244e-06,低 (Low)
64.9,9.944986742557734e-06,低 (Low)
65.0,1.3446528476512302e-05,低 (Low)
65.2,1.7831284876506007e-05,低 (Low)
65.3,2.350826018919764e-05,低 (Low)
65.4,2.9453460699519844e-05,低 (Low)
65.5,3.3939331476213877e-05,低 (Low)
65.7,3.8348584762924456e-05,低 (Low)
65.8,5.2308348763118694e-05,低 (Low)
65.9,6.080779069317532e-05,低 (Low)
66.0,7.351393703397289e-05,低 (Low)
66.10000000000001,9.237174462428419e-05,低 (Low)
66.3,9.836594197700478e-05,低 (Low)
66.4,9.618575904235851e-05,低 (Low)
66.5,9.230054939344859e-05,低 (Low)
66.60000000000001,9.400900694741006e-05,低 (Low)
66.7,9.618428838706984e-05,低 (Low)
66.9,0.00010410980205709556,低 (Low)
67.0,0.00011041458462214853,低 (Low)
67.10000000000001,0.00010424388430033996,低 (Low)
67.2,8.827676866522928e-05,低 (Low)
67.3,7.407175633195211e-05,低 (Low)
67.5,7.039343023147215e-05,低 (Low)
67.60000000000001,6.806101472674508e-05,低 (Low)
67.7,6.676289691410396e-05,低 (Low)
67.8,7.063582087113192e-05,低 (Low)
67.9,8.002262453063707e-05,低 (Low)
68.10000000000001,8.637047582483197e-05,低 (Low)
68.2,8.575939414979828e-05,低 (Low)
68.3,8.876764451952511e-05,低 (Low)
68.4,8.700957969600219e-05,低 (Low)
68.5,7.512935282661316e-05,低 (Low)
68.7,6.04614419800229e-05,低 (Low)
68.8,4.94455125490904e-05,低 (Low)
68.9,3.732443711357323e-05,低 (Low)
69.0,2.4352594208666453e-05,低 (Low)
69.2,1.6833781446463165e-05,低 (Low)
69.3,1.4584813082508133e-05,低 (Low)
69.4,1.3257489794001437e-05,低 (Low)
69.5,2.3486842277043655e-05,低 (Low)
69.60000000000001,3.01751584649872e-05,低 (Low)
69.8,3.493847252938591e-05,低 (Low)
69.9,4.2742427158106946e-05,低 (Low)
70.0,4.258825347977041e-05,低 (Low)
70.10000000000001,5.087002626075138e-05,低 (Low)
70.2,6.346966577492838e-05,低 (Low)
70.4,7.9563221088618e-05,低 (Low)
70.5,9.665677389246444e-05,低 (Low)
70.60000000000001,0.00010194339911994949,低 (Low)
70.7,9.756338660692391e-05,低 (Low)
70.8,8.649603630771568e-05,低 (Low)
71.0,7.284249983071415e-05,低 (Low)
71.10000000000001,5.5198583004306604e-05,低 (Low)
71.2,4.9864466475265176e-05,低 (Low)
71.3,4.6976303837489564e-05,低 (Low)
71.4,5.736178782048257e-05,低 (Low)
71.60000000000001,5.928287147898328e-05,低 (Low)
71.7,6.580507954359056e-05,低 (Low)
71.8,7.348865635558651e-05,低 (Low)
71.9,8.216719297318713e-05,低 (Low)
72.0,8.358248823930813e-05,低 (Low)
72.2,7.935600529594148e-05,低 (Low)
72.3,6.960610166592391e-05,低 (Low)
72.4,6.138572207243655e-05,低 (Low)
72.5,6.091967849818777e-05,低 (Low)
72.7,6.064347179517425e-05,低 (Low)
72.8,6.707842655601345e-05,低 (Low)
72.9,7.75651705557021e-05,低 (Low)
73.0,9.87319130299369e-05,低 (Low)
73.10000000000001,0.00011100318518451382,低 (Low)
73.3,0.00010661100114858181,低 (Low)
73.4,0.00010149678055610412,低 (Low)
73.5,9.327636274111393e-05,低 (Low)
73.60000000000001,0.00010085139137873824,低 (Low)
73.7,0.0001025218691003604,低 (Low)
73.9,0.00010574078363700797,低 (Low)
74.0,0.00010304987496983077,低 (Low)
74.10000000000001,8.749347821611147e-05,低 (Low)
74.2,7.022687426257503e-05,低 (Low)
74.3,6.65240122840806e-05,低 (Low)
74.5,7.832620803306455e-05,低 (Low)
74.60000000000001,8.876067855421925e-05,低 (Low)
74.7,8.554608124428982e-05,低 (Low)
74.8,7.78075310366363e-05,低 (Low)
74.9,8.187404993467746e-05,低 (Low)
75.10000000000001,9.708081280726565e-05,低 (Low)
75.2,9.57806913001569e-05,低 (Low)
75.3,8.53980380425795e-05,低 (Low)
75.4,8.636877951692334e-05,低 (Low)
75.5,7.666110534484044e-05,低 (Low)
75.7,7.853803984306198e-05,低 (Low)
75.8,8.450895058158016e-05,低 (Low)
75.9,0.00011164405061756384,低 (Low)
76.0,0.00012937349449978095,低 (Low)
76.2,0.00014696486788339004,低 (Low)
76.3,0.00015891678589077284,低 (Low)
76.4,0.00015991839848331673,低 (Low)
76.5,0.00015503984986679924,低 (Low)
76.60000000000001,0.00015552056899069763,低 (Low)
76.80000000000001,0.00013967113494939886,低 (Low)
76.9,0.0001306832429976799,低 (Low)
77.0,0.0001327297918292289,低 (Low)
77.10000000000001,0.0001280706855525466,低 (Low)
77.2,0.00010585086968923596,低 (Low)
77.4,8.806160147777013e-05,低 (Low)
77.5,7.332785603998241e-05,低 (Low)
77.60000000000001,7.632104099772814e-05,低 (Low)
77.7,9.480607558380339e-05,低 (Low)
77.80000000000001,0.00010472540215069597,低 (Low)
78.0,0.00011729270685430317,低 (Low)
78.10000000000001,0.0001222469789632725,低 (Low)
78.2,0.00012457112152639954,低 (Low)
78.30000000000001,0.0001133291822587172,低 (Low)
78.4,9.422576608998096e-05,低 (Low)
78.60000000000001,7.574536451432332e-05,低 (Low)
78.7,0.00011322493474296464,低 (Low)
78.80000000000001,0.00013017082878463517,低 (Low)
78.9,9.59777003891136e-05,低 (Low)
79.0,8.930590565452379e-05,低 (Low)
79.2,7.455953945209679e-05,低 (Low)
79.30000000000001,6.519219972592831e-05,低 (Low)
79.4,7.068244717123236e-05,低 (Low)
79.5,9.845234529334788e-05,低 (Low)
79.7,0.000107283139230232,低 (Low)
79.80000000000001,9.048444251507147e-05,低 (Low)
79.9,9.936581465075675e-05,低 (Low)
80.0,0.0001130069863443428,低 (Low)
80.10000000000001,9.948162686140583e-05,低 (Low)
80.30000000000001,0.0001189352278708226,低 (Low)
80.4,0.00012552718212510613,低 (Low)
80.5,0.00011155817509650264,低 (Low)
80.60000000000001,9.809426297803773e-05,低 (Low)
80.7,0.00011155122015774103,低 (Low)
80.9,0.00014751652885896518,低 (Low)
81.0,0.0001756642839673391,低 (Low)
81.10000000000001,0.00018491983670719894,低 (Low)
81.2,0.00017827551013872733,低 (Low)
81.30000000000001,0.00016020266393892413,低 (Low)
81.5,0.00014555822522021217,低 (Low)
81.60000000000001,0.0001243395598468355,低 (Low)
81.7,0.00010133280121528182,低 (Low)
81.80000000000001,9.122016589331163e-05,低 (Low)
81.9,8.67041783527258e-05,低 (Low)
82.10000000000001,7.466117530064826e-05,低 (Low)
82.2,6.91632603330802e-05,低 (Low)
82.30000000000001,6.803870583830384e-05,低 (Low)
82.4,5.884797917766491e-05,低 (Low)
82.5,5.807075858453168e-05,低 (Low)
82.7,5.678529904228469e-05,低 (Low)
82.80000000000001,4.7595251727982806e-05,低 (Low)
82.9,3.6417278982407495e-05,低 (Low)
83.0,2.857514529025043e-05,低 (Low)
83.10000000000001,2.377636076639522e-05,低 (Low)
83.30000000000001,2.322664468572829e-05,低 (Low)
83.4,2.09257993923375e-05,低 (Low)
83.5,1.7580722665461128e-05,低 (Low)
83.60000000000001,1.317704412164889e-05,低 (Low)
83.80000000000001,7.52221527276597e-06,低 (Low)
83.9,3.577360179739894e-06,低 (Low)
84.0,1.1289939843319485e-06,低 (Low)
85.9,4.00026034668185e-06,低 (Low)
86.0,6.162518286423288e-06,低 (Low)
86.2,8.32477622616507e-06,低 (Low)
86.30000000000001,1.0487034165906484e-05,低 (Low)
86.4,1.2649292105648294e-05,低 (Low)
86.5,1.4811550045389631e-05,低 (Low)
86.60000000000001,1.6973807985131104e-05,低 (Low)
86.80000000000001,1.927018507498915e-05,低 (Low)
86.9,2.4122873368195642e-05,低 (Low)
87.0,2.554694023876253e-05,低 (Low)
87.10000000000001,2.6075112652486278e-05,低 (Low)
87.30000000000001,2.6603285066209966e-05,低 (Low)
87.4,2.7131457479933545e-05,低 (Low)
87.5,2.7659629893657328e-05,低 (Low)
87.60000000000001,2.81878023073812e-05,低 (Low)
87.7,2.8242857989607077e-05,低 (Low)
87.9,2.339016969640053e-05,低 (Low)
88.0,1.8537481403193288e-05,低 (Low)
88.10000000000001,1.3684793109986672e-05,低 (Low)
88.2,1.0422723832479445e-05,低 (Low)
88.30000000000001,7.732293479014297e-06,低 (Low)
88.5,5.041863125549157e-06,低 (Low)
88.60000000000001,2.3514327720836364e-06,低 (Low)
88.7,1.8159758307040718e-06,低 (Low)
88.80000000000001,3.008464479383725e-06,低 (Low)
88.9,4.200953128063197e-06,低 (Low)
89.10000000000001,5.393441776742697e-06,低 (Low)
89.2,6.585930425422296e-06,低 (Low)
89.30000000000001,7.778419074101826e-06,低 (Low)
89.4,9.138600944677961e-06,低 (Low)
89.5,1.1732576911541805e-05,低 (Low)
89.7,1.4326552878405594e-05,低 (Low)
89.80000000000001,1.692052884526983e-05,低 (Low)
89.9,1.9514504812133562e-05,低 (Low)
90.0,2.439372978481216e-05,低 (Low)
90.10000000000001,2.797017483849747e-05,低 (Low)
90.30000000000001,3.1546619892182737e-05,低 (Low)
90.4,3.512306494586862e-05,低 (Low)
90.5,3.9402433663803076e-05,低 (Low)
90.60000000000001,4.4509429438854537e-05,低 (Low)
90.80000000000001,4.8415152731995165e-05,低 (Low)
90.9,5.113717120968667e-05,低 (Low)
91.0,5.623870072693503e-05,低 (Low)
91.10000000000001,6.0754092936863386e-05,低 (Low)
91.2,6.445681240104006e-05,低 (Low)
91.4,6.667693138623567e-05,低 (Low)
91.5,6.560957568740136e-05,低 (Low)
91.60000000000001,6.428625553520353e-05,低 (Low)
91.7,5.868486181744254e-05,低 (Low)
91.80000000000001,5.1083533470177753e-05,低 (Low)
92.0,4.3482205122914275e-05,低 (Low)
92.10000000000001,3.5880876775650694e-05,低 (Low)
92.2,2.8279548428385772e-05,低 (Low)
92.30000000000001,2.1983705189142516e-05,低 (Low)
92.4,1.9051931660776946e-05,低 (Low)
92.60000000000001,1.8568836504326638e-05,低 (Low)
92.7,1.800764985577628e-05,低 (Low)
92.80000000000001,1.931987073195842e-05,低 (Low)
92.9,2.2484009732665086e-05,低 (Low)
93.0,2.6262852082166263e-05,低 (Low)
93.2,2.8819368978244795e-05,低 (Low)
93.30000000000001,3.130886827710546e-05,低 (Low)
93.4,3.3798367575965865e-05,低 (Low)
93.5,3.628786687482635e-05,低 (Low)
93.60000000000001,3.800197830969248e-05,低 (Low)
93.80000000000001,3.6592546549993846e-05,低 (Low)
93.9,3.518311479029531e-05,低 (Low)
94.0,3.377368303059673e-05,低 (Low)
94.10000000000001,3.2364251270898366e-05,低 (Low)
94.30000000000001,3.095481951119954e-05,低 (Low)
94.4,2.9545387751501005e-05,低 (Low)
94.5,2.8135955991802323e-05,低 (Low)
94.60000000000001,2.451047393498413e-05,低 (Low)
94.7,2.0731631585483608e-05,低 (Low)
94.9,1.7228964257341768e-05,低 (Low)
95.0,1.5399587437120614e-05,低 (Low)
95.10000000000001,1.3570210616899274e-05,低 (Low)
95.2,1.5377099811001287e-05,低 (Low)
95.30000000000001,1.437438325935918e-05,低 (Low)
95.5,1.3371666707716876e-05,低 (Low)
95.60000000000001,1.2906354584344001e-05,低 (Low)
95.7,1.2548309558021854e-05,低 (Low)
95.80000000000001,1.2190264531699793e-05,低 (Low)
95.9,1.183221950537776e-05,低 (Low)
96.10000000000001,9.422887894376106e-06,低 (Low)
96.2,1.024954816295508e-05,低 (Low)
96.30000000000001,1.1076208431534112e-05,低 (Low)
96.4,1.1902868700113061e-05,低 (Low)
96.5,1.3726826142560461e-05,低 (Low)
96.7,1.7740202114410375e-05,低 (Low)
96.80000000000001,2.1753578086259787e-05,低 (Low)
96.9,7.780969495414704e-05,低 (Low)
97.0,2.9780330029959253e-05,低 (Low)
97.10000000000001,3.2630803264209953e-05,低 (Low)
97.30000000000001,7.411886323746965e-05,低 (Low)
97.4,6.170705688156329e-05,低 (Low)
97.5,9.136387656034745e-05,低 (Low)
97.60000000000001,9.979607959064738e-05,低 (Low)
97.80000000000001,3.250957751935444e-05,低 (Low)
97.9,1.4750590618579457e-05,低 (Low)
98.0,4.881676579872092e-05,低 (Low)
98.10000000000001,4.906822807555618e-05,低 (Low)
98.2,4.619264414327401e-05,低 (Low)
98.4,1.868376439843917e-05,低 (Low)
98.5,1.9661911118667235e-05,低 (Low)
98.60000000000001,4.61045061442941e-05,低 (Low)
98.7,6.0074105179291235e-05,低 (Low)
98.80000000000001,4.9576708965718415e-05,低 (Low)
98.9,7.98109078965848e-05,低 (Low)
99.0,6.439297272465256e-05,低 (Low)
99.10000000000001,2.4552644719807494e-05,低 (Low)
99.2,2.5530791440035417e-05,低 (Low)
99.30000000000001,7.744792142015339e-05,低 (Low)
99.4,9.757746684238363e-05,低 (Low)
99.5,0.0001482601023039329,低 (Low)
99.60000000000001,6.49217360130548e-05,低 (Low)
99.7,0.0005819113897672767,低 (Low)
99.80000000000001,0.0002888833362249295,低 (Low)
99.9,3.471293036473247e-05,低 (Low)
100.0,0.0010356199583070754,低 (Low)
100.10000000000001,0.00019837814760920565,低 (Low)
100.2,4.3880390380530195e-05,低 (Low)
100.30000000000001,0.00017235951107853886,低 (Low)
100.4,2.7647811250397268e-05,低 (Low)
100.5,6.453675225363352e-05,低 (Low)
100.60000000000001,9.415969372179137e-05,低 (Low)
100.7,8.779862162360462e-05,低 (Low)
100.80000000000001,0.00016352989679331331,低 (Low)
100.9,2.0428583295168918e-05,低 (Low)
101.0,0.00016731500945036152,低 (Low)
101.10000000000001,1.6818969317554717e-05,低 (Low)
101.2,0.00020903198925361976,低 (Low)
101.30000000000001,0.00023270004871128757,低 (Low)
101.4,0.0003251019980485698,低 (Low)
101.5,0.0011531262297934048,低 (Low)
101.60000000000001,9.599741362326767e-06,低 (Low)
101.7,0.00027800564869527356,低 (Low)
101.80000000000001,0.00023777903226787915,低 (Low)
101.9,5.990127384712622e-06,低 (Low)
102.0,0.00023091747261894392,低 (Low)
102.10000000000001,2.3805134070984976e-06,低 (Low)
102.2,0.00015389124197782078,低 (Low)
102.30000000000001,0.00020290535471239107,低 (Low)
102.5,7.488180122219646e-05,低 (Low)
102.7,0.0003067849621825118,低 (Low)
102.80000000000001,8.58549520668209e-05,低 (Low)
103.0,0.0002798183566164206,低 (Low)
103.2,0.00035533371058583675,低 (Low)
103.30000000000001,0.00022665394274390044,低 (Low)
103.5,0.00022005481505077518,低 (Low)
103.7,0.001396902498671054,低 (Low)
103.80000000000001,0.000765710436565879,低 (Low)
104.0,0.0009843541659806609,低 (Low)
104.2,0.0005273952428779736,低 (Low)
104.30000000000001,0.001452655638132519,低 (Low)
104.5,0.0007807366767374592,低 (Low)
104.7,0.0002269246049656384,低 (Low)
104.80000000000001,0.000876479856278347,低 (Low)
105.0,0.0010917578481137553,低 (Low)
105.2,0.0003579132615467295,低 (Low)
105.30000000000001,0.0004590717927417132,低 (Low)
105.5,0.0028404376125091115,低 (Low)
105.7,0.0019473237468841447,低 (Low)
105.80000000000001,0.0004747976877556185,低 (Low)
106.0,0.0011197231800703668,低 (Low)
106.2,0.0006030553855703784,低 (Low)
106.30000000000001,0.0014124782289635012,低 (Low)
106.5,0.0019880403858364578,低 (Low)
106.7,0.0016500631559947597,低 (Low)
106.80000000000001,0.0005201902126777023,低 (Low)
107.0,0.0008397554406660309,低 (Low)
107.2,0.0006954600145239076,低 (Low)
107.30000000000001,0.0009207893062476483,低 (Low)
107.5,0.0014283921977617296,低 (Low)
107.7,0.0005391475161584684,低 (Low)
107.80000000000001,0.0007133299656429002,低 (Low)
108.0,0.001663241717671551,低 (Low)
108.2,0.001561677672544297,低 (Low)
108.30000000000001,0.0005807639317645869,低 (Low)
108.5,0.003841028656271776,低 (Low)
108.7,0.003794394606702054,低 (Low)
108.80000000000001,0.0021594172836707317,低 (Low)
109.0,0.0013563536967913907,低 (Low)
109.2,0.002492183002927682,低 (Low)
109.30000000000001,0.0033413229494261123,低 (Low)
109.5,0.0045511862504699074,低 (Low)
109.7,0.002462438260148757,低 (Low)
109.80000000000001,0.0014504637790064415,低 (Low)
110.0,0.004681531804976586,低 (Low)
110.2,0.002315694253802302,低 (Low)
110.30000000000001,0.004045599677227908,低 (Low)
110.5,0.0014838088699623607,低 (Low)
110.7,0.002858546288408505,低 (Low)
110.80000000000001,0.0016979090954800083,低 (Low)
111.0,0.004127308669466523,低 (Low)
111.2,0.002021302713388633,低 (Low)
111.30000000000001,0.0025418628093216685,低 (Low)
111.5,0.0028347326267832837,低 (Low)
111.7,0.0031498308523577254,低 (Low)
111.80000000000001,0.002415453247131752,低 (Low)
112.0,0.0025612692873079267,低 (Low)
112.2,0.0018340551907251273,低 (Low)
112.30000000000001,0.0014590101912771067,低 (Low)
112.5,0.0022849311551457886,低 (Low)
112.7,0.003000747374409986,低 (Low)
112.80000000000001,0.002145360325935128,低 (Low)
113.0,0.0027158596822844,低 (Low)
113.2,0.0028641742783466,低 (Low)
113.30000000000001,0.004240019390167762,低 (Low)
113.5,0.0015212623871240709,低 (Low)
113.7,0.0020111119639218632,低 (Low)
113.80000000000001,0.002475667906065527,低 (Low)
114.0,0.003950246234974376,低 (Low)
114.2,0.0031779967644981456,低 (Low)
114.30000000000001,0.0022773062057288213,低 (Low)
114.5,0.003054389041699172,低 (Low)
114.7,0.003011936611893784,低 (Low)
114.80000000000001,0.002746224706928687,低 (Low)
115.0,0.005960767783664192,低 (Low)
115.2,0.0033496272870169987,低 (Low)
115.30000000000001,0.005133060846658087,低 (Low)
115.5,0.0018115219740639401,低 (Low)
115.7,0.005602973866447581,低 (Low)
115.80000000000001,0.0053185853330928665,低 (Low)
116.0,0.0033553682652236894,低 (Low)
116.2,0.0040395853236313475,低 (Low)
116.30000000000001,0.003920474177045226,低 (Low)
116.5,0.0021836104882534345,低 (Low)
116.7,0.0038024437378036038,低 (Low)
116.80000000000001,0.0036830977482029004,低 (Low)
117.0,0.002652474416932197,低 (Low)
117.2,0.0013477141791576497,低 (Low)
117.30000000000001,0.003006932847712947,低 (Low)
117.5,0.002836578512417566,低 (Low)
117.7,0.002792896419709636,低 (Low)
117.80000000000001,0.002153901300012933,低 (Low)
118.0,0.005507476008531483,低 (Low)
118.2,0.006678053276580571,低 (Low)
118.30000000000001,0.0038767419442737594,低 (Low)
118.5,0.0029028971670726662,低 (Low)
118.7,0.0030119644384949693,低 (Low)
118.80000000000001,0.002925692205787149,低 (Low)
119.0,0.0019087086539613914,低 (Low)
119.2,0.0034534747436035674,低 (Low)
119.30000000000001,0.002368370319627121,低 (Low)
119.5,0.0025940974606702915,低 (Low)
119.7,0.003409747385735209,低 (Low)
119.80000000000001,0.0020466001952284207,低 (Low)
120.0,0.003111300700727641,低 (Low)
120.2,0.001534544125861861,低 (Low)
120.30000000000001,0.0020326607239282944,低 (Low)
120.5,0.004453556101329976,低 (Low)
120.7,0.003895890867391649,低 (Low)
120.80000000000001,0.0045943539762514285,低 (Low)
121.0,0.0027253995552608944,低 (Low)
121.2,0.0031256529775812378,低 (Low)
121.30000000000001,0.00493300080868884,低 (Low)
121.5,0.0048592830949690715,低 (Low)
121.7,0.005172177815596853,低 (Low)
121.80000000000001,0.007023565849232369,低 (Low)
122.0,0.003967645685043598,低 (Low)
122.2,0.004169963664530079,低 (Low)
122.30000000000001,0.004036739967752738,低 (Low)
122.5,0.005996827042407498,低 (Low)
122.7,0.004045039886568733,低 (Low)
122.80000000000001,0.0015313653301754567,低 (Low)
123.0,0.0035366142446036954,低 (Low)
123.2,0.00556490431356295,低 (Low)
123.30000000000001,0.0039781285109292686,低 (Low)
123.5,0.0012803163822293644,低 (Low)
123.7,0.005647872124040628,低 (Low)
123.80000000000001,0.004524020692403696,低 (Low)
124.0,0.002978925814866518,低 (Low)
124.2,0.001729007189969296,低 (Low)
124.30000000000001,0.0005431215624400696,低 (Low)
124.5,0.0028723664695455126,低 (Low)
124.7,0.006818955274057615,低 (Low)
124.80000000000001,0.008959300690004262,低 (Low)
125.0,0.0033683555695709377,低 (Low)
125.2,0.0015423576482626604,低 (Low)
125.30000000000001,0.0012398300971338324,低 (Low)
125.5,0.008184255359100669,低 (Low)
125.7,0.01339763023180406,低 (Low)
125.80000000000001,0.001967163942084955,低 (Low)
126.0,0.004433071238272219,低 (Low)
126.2,0.002345288351617083,低 (Low)
126.30000000000001,0.004441269753089909,低 (Low)
126.5,0.00396728706468405,低 (Low)
126.7,0.004573852856781985,低 (Low)
126.80000000000001,0.007237026192647985,低 (Low)
127.0,0.005337190505866594,低 (Low)
127.2,0.0013825868881825942,低 (Low)
127.30000000000001,0.0009526160640282031,低 (Low)
127.5,0.0006326379097323197,低 (Low)
127.7,0.0018561808082584084,低 (Low)
127.80000000000001,0.005084832218797522,低 (Low)
128.0,0.003880570078989989,低 (Low)
128.20000000000002,0.005460419561648228,低 (Low)
128.3,0.00259761320463786,低 (Low)
128.5,0.0038375605764673546,低 (Low)
128.70000000000002,0.005954939363289051,低 (Low)
128.8,0.007356829198713644,低 (Low)
129.0,0.006917731253977467,低 (Low)
129.20000000000002,0.001887442070853372,低 (Low)
129.3,0.006548639454580496,低 (Low)
129.5,0.010392021581815302,低 (Low)
129.70000000000002,0.005544952170218817,低 (Low)
129.8,0.004039599005815495,低 (Low)
130.0,0.0026830567099584393,低 (Low)
130.20000000000002,0.008738796014322075,低 (Low)
130.3,0.002687714725831255,低 (Low)
130.5,0.005412137223501667,低 (Low)
130.70000000000002,0.006667994574642918,低 (Low)
130.8,0.001849069442357174,低 (Low)
131.0,0.0033379143556878507,低 (Low)
131.20000000000002,0.0014620995292089721,低 (Low)
131.3,0.0024296068855050776,低 (Low)
131.5,0.0020268035931222776,低 (Low)
131.70000000000002,0.004254074866506972,低 (Low)
131.8,0.0042645126577731994,低 (Low)
132.0,0.0013501607840331312,低 (Low)
132.20000000000002,0.005394113584028243,低 (Low)
132.3,0.0037663332755320956,低 (Low)
132.5,0.002269656546679983,低 (Low)
132.70000000000002,0.0007170189725558278,低 (Low)
132.8,0.012722855148248296,低 (Low)
133.0,0.0027357182110962397,低 (Low)
133.20000000000002,0.005693311751830332,低 (Low)
133.3,0.002283494649440236,低 (Low)
133.5,0.01944492266410246,低 (Low)
133.70000000000002,0.00247202700309796,低 (Low)
133.8,0.004911478472634932,低 (Low)
134.0,0.0029422777442595725,低 (Low)
134.20000000000002,0.0051831868189049935,低 (Low)
134.3,0.0030836024818082547,低 (Low)
134.5,0.0035227911286619066,低 (Low)
134.70000000000002,0.00604995709748409,低 (Low)
134.8,0.004692039225247102,低 (Low)
135.0,0.009505510334449858,低 (Low)
135.20000000000002,0.006766314272344696,低 (Low)
135.3,0.005373476502710589,低 (Low)
135.5,0.0036049406677775026,低 (Low)
135.70000000000002,0.0004857422984540694,低 (Low)
135.8,0.0009116017746785295,低 (Low)
136.0,0.0016687215728148242,低 (Low)
136.20000000000002,0.0020490773169320534,低 (Low)
136.3,0.0006586859738076842,低 (Low)
136.5,0.001045340015218546,低 (Low)
136.70000000000002,0.0018524189387433526,低 (Low)
136.8,0.001242575470943587,低 (Low)
137.0,0.0013206343940683099,低 (Low)
137.20000000000002,0.0017174013038845164,低 (Low)
137.3,0.0014316801259238263,低 (Low)
137.5,0.0016984031470800966,低 (Low)
137.70000000000002,0.0014437922201253777,低 (Low)
137.8,0.00027198112715716633,低 (Low)
138.0,0.00598920643701037,低 (Low)
138.20000000000002,0.0021969983819736037,低 (Low)
138.3,0.003772283636682653,低 (Low)
138.5,0.0006246143884738251,低 (Low)
138.70000000000002,0.0008965340109235514,低 (Low)
138.8,0.0023351439351956592,低 (Low)
139.0,0.004836028433069782,低 (Low)
139.20000000000002,0.0012097033943231832,低 (Low)
139.3,0.0013334163701719801,低 (Low)
139.5,0.001992465127446632,低 (Low)
139.70000000000002,0.0016989803079031183,低 (Low)
139.8,0.00228712717879123,低 (Low)
140.0,0.004558572139303791,低 (Low)
140.20000000000002,0.0041540629432061,低 (Low)
140.3,0.004821746400334399,低 (Low)
140.5,0.0063285501651263116,低 (Low)
140.70000000000002,0.0018596907882720219,低 (Low)
140.8,0.00648321632426829,低 (Low)
141.0,0.002495867016010502,低 (Low)
141.20000000000002,0.006572564973753573,低 (Low)
141.3,0.0055679164526129185,低 (Low)
141.5,0.005920956605646508,低 (Low)
141.70000000000002,0.0011869097201411315,低 (Low)
141.8,0.018329755728302477,低 (Low)
142.0,0.005725824777203975,低 (Low)
142.20000000000002,0.00849163054952046,低 (Low)
142.3,0.0022955630448671994,低 (Low)
142.5,0.0015681855064371053,低 (Low)
142.70000000000002,0.0036085709122741956,低 (Low)
142.8,0.003891033415977117,低 (Low)
143.0,0.003426881062595756,低 (Low)
143.20000000000002,0.001959403682716561,低 (Low)
143.3,0.0050163009579405424,低 (Low)
143.5,0.00559574195581574,低 (Low)
143.70000000000002,0.004732538480708223,低 (Low)
143.8,0.0103420335085627,低 (Low)
144.0,0.0031989125953139834,低 (Low)
144.20000000000002,0.012779813755424321,低 (Low)
144.3,0.0015437754095887991,低 (Low)
144.5,0.001426195140578222,低 (Low)
144.70000000000002,0.003931392766391593,低 (Low)
144.8,0.005939447267245262,低 (Low)
145.0,0.0038076011690623083,低 (Low)
145.20000000000002,0.007294925346933744,低 (Low)
145.3,0.010975441868642024,低 (Low)
145.5,0.0008569214644479394,低 (Low)
145.70000000000002,0.003526248769856757,低 (Low)
145.8,0.0023430566119565692,低 (Low)
146.0,0.0017159541674661384,低 (Low)
146.3,0.001531559903779371,低 (Low)
146.8,0.0005401240147879374,低 (Low)
147.8,0.0032222470619416325,低 (Low)
148.20000000000002,0.0015843553244102029,低 (Low)
148.70000000000002,0.0013107424257592858,低 (Low)
149.0,0.0026263550405023453,低 (Low)
149.3,0.0002514346795669904,低 (Low)
149.5,0.0013472791513500053,低 (Low)
149.70000000000002,0.0002540999329329597,低 (Low)
150.0,0.0004255134387472482,低 (Low)
150.3,0.00014508452100419313,低 (Low)
150.70000000000002,0.002593789300013904,低 (Low)
151.20000000000002,0.001356699900461745,低 (Low)
151.3,0.0006710800853788658,低 (Low)
151.5,0.0005311942994775577,低 (Low)
151.70000000000002,0.0002818013048590337,低 (Low)
152.0,0.006062902932417798,低 (Low)
152.3,0.00037599788655488147,低 (Low)
153.0,0.0008984246773685858,低 (Low)
153.20000000000002,0.007511975978771904,低 (Low)
153.5,0.0014532808068996221,低 (Low)
153.70000000000002,0.0026730973722415134,低 (Low)
154.0,0.0003457738380210178,低 (Low)
154.70000000000002,0.0011563534628513952,低 (Low)
154.8,0.014197223491926522,低 (Low)
155.0,0.00041126057310986907,低 (Low)
155.3,0.0025316475663333467,低 (Low)
156.20000000000002,0.00040174598566194904,低 (Low)
157.0,0.0012408671057047532,低 (Low)
157.5,0.011404330931423184,低 (Low)
157.8,9.67265965893702e-05,低 (Low)
158.0,0.0022718808511156263,低 (Low)
159.0,0.00046681172341274987,低 (Low)
161.5,0.00084945097215537,低 (Low)
164.3,0.0008550947099753281,低 (Low)
165.70000000000002,0.003218764755106081,低 (Low)
168.0,0.0007961081389555325,低 (Low)
